pais,ano,escada_da_vida,log_pib_per_capita,suporte_social,expectativa_de_vida_saudavel_ao_nascer,liberdade_de_escolhas_de_vida,generosidade,perceção_de_corrupcao,afeto_positivo,afeto_negativo,felicidade,nivel_felicidade
Argentina,2006,6.312925338745117,9.936885833740234,0.9384627938270568,65.81999969482422,0.7330036759376526,-0.1621210128068924,0.851799488067627,0.7482830882072449,0.3282300233840942,0.851799488067627,Baixa
Argentina,2023,6.393228530883789,9.993596076965332,0.8921175003051758,67.30000305175781,0.8316837549209595,-0.1290609091520309,0.8460935354232788,0.720122218132019,0.3011621832847595,0.8460935354232788,Baixa
Argentina,2022,6.260993480682373,10.018916130065918,0.8933295607566833,67.25,0.825188934803009,-0.1302094459533691,0.8100374341011047,0.7240683436393738,0.2842791974544525,0.825188934803009,Baixa
Argentina,2021,5.908278942108154,9.977072715759276,0.8823045492172241,67.19999694824219,0.8194793462753296,-0.0143803218379616,0.8162567019462585,0.6848600506782532,0.3451315760612488,0.8194793462753296,Baixa
Argentina,2020,5.900567054748535,9.887622833251951,0.8971038460731506,67.1500015258789,0.8233916163444519,-0.1307778656482696,0.8157804608345032,0.6793167591094971,0.3424969315528869,0.8233916163444519,Baixa
Argentina,2018,5.792796611785889,10.032198905944824,0.8999115824699402,67.05000305175781,0.8458946943283081,-0.216326355934143,0.8552552461624146,0.7320699095726013,0.3205020725727081,0.8552552461624146,Baixa
Argentina,2017,6.039330005645752,10.068880081176758,0.9066991209983826,67.0,0.8319661617279053,-0.1917345076799392,0.8410524725914001,0.715182363986969,0.2917172610759735,0.8410524725914001,Baixa
Argentina,2016,6.427221298217773,10.051456451416016,0.8828191161155701,66.94999694824219,0.8477022051811218,-0.1975760757923126,0.8509244918823242,0.7317351698875427,0.3116464614868164,0.8509244918823242,Baixa
Argentina,2015,6.6971306800842285,10.083050727844238,0.9264922738075256,66.9000015258789,0.8812236785888672,-0.1796781569719314,0.8509061932563782,0.7678452730178833,0.3053549230098724,0.8812236785888672,Baixa
Argentina,2019,6.0855607986450195,10.002053260803224,0.896370530128479,67.0999984741211,0.8170526027679443,-0.216646522283554,0.8304597735404968,0.7349058389663696,0.3190548419952392,0.8304597735404968,Baixa
Argentina,2013,6.5822601318359375,10.103326797485352,0.9098742008209229,66.66000366210938,0.7372503876686096,-0.1359540969133377,0.8229002952575684,0.766156792640686,0.2542047202587127,0.8229002952575684,Baixa
Argentina,2012,6.468387126922607,10.090749740600586,0.9017763733863832,66.54000091552734,0.7474983930587769,-0.1534416675567627,0.8165462017059326,0.744064211845398,0.2722191214561462,0.8165462017059326,Baixa
Argentina,2011,6.775805473327637,10.112436294555664,0.8890734910964966,66.41999816894531,0.8158020377159119,-0.1798323094844818,0.7546457052230835,0.7689425349235535,0.2318551540374755,0.8158020377159119,Baixa
Argentina,2010,6.441067218780518,10.06566047668457,0.9267985820770264,66.30000305175781,0.7302581667900085,-0.1315066814422607,0.8546954393386841,0.7654804587364197,0.2109754979610443,0.8546954393386841,Baixa
Argentina,2009,6.42413330078125,9.971766471862791,0.9186931848526,66.18000030517578,0.6366464495658875,-0.1351763159036636,0.8847422003746033,0.7615895867347717,0.2369014769792556,0.8847422003746033,Baixa
Argentina,2008,5.961034297943115,10.04291820526123,0.8921945095062256,66.05999755859375,0.6782221794128418,-0.1370057016611099,0.8649962544441223,0.719996988773346,0.3182222843170166,0.8649962544441223,Baixa
Argentina,2007,6.073158264160156,10.013071060180664,0.8622055649757385,65.94000244140625,0.6528326272964478,-0.1462407410144806,0.8810577392578125,0.7498258948326111,0.2790079712867737,0.8622055649757385,Baixa
Argentina,2014,6.671114444732666,10.066884994506836,0.9178704023361206,66.77999877929688,0.7450577616691589,-0.1699784845113754,0.8541916012763977,0.7694680094718933,0.2379128634929657,0.8541916012763977,Baixa
Bolivia,2017,5.650552749633789,9.017354011535645,0.7786617875099182,63.0,0.8839049339294434,-0.1243530660867691,0.8192619681358337,0.6552165746688843,0.4339435398578644,0.8192619681358337,Baixa
Bolivia,2018,5.91573429107666,9.043848037719728,0.8271594643592834,63.150001525878906,0.8632468581199646,-0.0968099012970924,0.7860445976257324,0.705477774143219,0.3874688744544983,0.8271594643592834,Baixa
Bolivia,2019,5.6742706298828125,9.05119800567627,0.7843014001846313,63.29999923706055,0.8813109397888184,-0.0895677953958511,0.8572204113006592,0.7008264660835266,0.4193282127380371,0.8572204113006592,Baixa
Bolivia,2023,5.859886169433594,9.024975776672363,0.786039412021637,63.900001525878906,0.831521213054657,-0.0585208237171173,0.8765882849693298,0.7533968091011047,0.4011139869689941,0.831521213054657,Baixa
Bolivia,2021,5.568624019622803,8.993698120117188,0.7978104948997498,63.599998474121094,0.861731231212616,-0.0580877065658569,0.8121744394302368,0.7210018038749695,0.4034873247146606,0.8121744394302368,Baixa
Bolivia,2022,5.928882122039795,9.012033462524414,0.8235102891921997,63.75,0.8650104403495789,-0.0827710404992103,0.840244710445404,0.7380110025405884,0.4256888031959533,0.840244710445404,Baixa
Bolivia,2016,5.769723415374756,8.991458892822266,0.7959587574005127,62.849998474121094,0.8817487359046936,-0.0507638938724994,0.852592945098877,0.7357291579246521,0.3764122426509857,0.852592945098877,Baixa
Bolivia,2020,5.559258937835693,8.946366310119629,0.8048108816146851,63.45000076293945,0.8770319223403931,-0.0555599890649318,0.8682082891464233,0.7288234233856201,0.3817911744117737,0.8682082891464233,Baixa
Bolivia,2015,5.834329128265381,8.965176582336426,0.8287057876586914,62.70000076293945,0.8836250901222229,-0.0335693806409835,0.862373948097229,0.7486592531204224,0.3929028511047363,0.862373948097229,Baixa
Bolivia,2010,5.780620098114014,8.779529571533203,0.8071855902671814,61.70000076293945,0.7033410668373108,-0.0726677328348159,0.7813425064086914,0.7202175259590149,0.3495973348617553,0.7813425064086914,Baixa
Bolivia,2013,5.767428874969482,8.896345138549805,0.8027380704879761,62.29999923706055,0.8459316492080688,-0.0709548667073249,0.8118565678596497,0.7210608720779419,0.41030153632164,0.8118565678596497,Baixa
Bolivia,2012,6.018894672393799,8.846890449523926,0.7808194160461426,62.099998474121094,0.8623796701431274,-0.0190016850829124,0.8397014141082764,0.6993523836135864,0.4088801443576813,0.8397014141082764,Baixa
Bolivia,2011,5.778874397277832,8.813483238220215,0.8167828321456909,61.900001525878906,0.7816737294197083,-0.0433741696178913,0.82485431432724,0.6887155175209045,0.3614855408668518,0.8167828321456909,Baixa
Bolivia,2009,6.0855793952941895,8.756053924560547,0.8313199281692505,61.5,0.7789385914802551,-0.040326852351427,0.7626045346260071,0.7420988082885742,0.3723692893981933,0.7789385914802551,Baixa
Bolivia,2008,5.297872543334961,8.740165710449219,0.7852623462677002,61.29999923706055,0.7256197333335876,-0.0959637537598609,0.8014203906059265,0.7234777212142944,0.392079621553421,0.7852623462677002,Baixa
Bolivia,2007,5.628419399261475,8.697794914245605,0.7961364984512329,61.099998474121094,0.7799352407455444,-0.0035972488112747,0.8169939517974854,0.7457349300384521,0.3877862393856048,0.7961364984512329,Baixa
Bolivia,2006,5.37398624420166,8.67066478729248,0.8342799544334412,60.900001525878906,0.7701347470283508,-0.0484667085111141,0.7944841980934143,0.7080940008163452,0.4319449663162231,0.7944841980934143,Baixa
Bolivia,2014,5.864798545837402,8.933479309082031,0.8213446140289307,62.5,0.8810588717460632,0.013756881467998,0.8318544626235962,0.7690110802650452,0.3982194662094116,0.8318544626235962,Baixa
Brazil,2017,6.3329291343688965,9.58037567138672,0.9046942591667176,65.05000305175781,0.7647925615310669,-0.1805973649024963,0.7944573760032654,0.6691171526908875,0.3077169060707092,0.7944573760032654,Baixa
Brazil,2018,6.190921783447266,9.590117454528809,0.8815052509307861,65.2249984741211,0.7506090402603149,-0.1227947697043418,0.7632513046264648,0.676684558391571,0.3496562540531158,0.7632513046264648,Baixa
Brazil,2019,6.451148986816406,9.594590187072754,0.8991750478744507,65.4000015258789,0.830206036567688,-0.0678164288401603,0.7618405818939209,0.7012503147125244,0.3370513319969177,0.830206036567688,Baixa
Brazil,2023,6.5526909828186035,9.634684562683104,0.8564527034759521,66.0999984741211,0.8696613311767578,-0.0360353030264377,0.7328492403030396,0.6941930651664734,0.3128325641155243,0.8564527034759521,Baixa
Brazil,2021,6.009953498840332,9.598020553588867,0.814328670501709,65.75,0.7915077209472656,0.0861844271421432,0.7385714054107666,0.6615504026412964,0.4071829617023468,0.7915077209472656,Baixa
Brazil,2022,6.257079601287842,9.62201690673828,0.8658097386360168,65.92500305175781,0.8297713398933411,-0.0638932734727859,0.7419635057449341,0.6809125542640686,0.3407750427722931,0.8297713398933411,Baixa
Brazil,2016,6.374817371368408,9.575156211853027,0.912455141544342,64.875,0.8065715432167053,-0.1057728230953216,0.7810927629470825,0.7112862467765808,0.302083820104599,0.8065715432167053,Baixa
Brazil,2020,6.109717845916748,9.554622650146484,0.8308321237564087,65.57499694824219,0.7862350940704346,-0.0608062893152236,0.7287722229957581,0.6532996296882629,0.3891385495662689,0.7862350940704346,Baixa
Brazil,2015,6.546896934509277,9.6165771484375,0.9066931009292604,64.69999694824219,0.7989352941513062,-0.0210222750902175,0.7713390588760376,0.6870636343955994,0.3246991038322449,0.7989352941513062,Baixa
Brazil,2009,7.000831604003906,9.540863990783691,0.9128180742263794,63.7400016784668,0.7667160630226135,-0.0607071109116077,0.7225149869918823,0.7439825534820557,0.2741031646728515,0.7667160630226135,Baixa
Brazil,2013,7.14028263092041,9.664690017700195,0.9104217290878296,64.37999725341797,0.7848149538040161,-0.1001644805073738,0.7069541811943054,0.7247361540794373,0.2756677567958832,0.7848149538040161,Baixa
Brazil,2005,6.636771202087402,9.435151100158691,0.8829229474067688,63.099998474121094,0.8821861147880554,,0.744994044303894,0.7699212431907654,0.3017798364162445,0.8825545310974121,Baixa
Brazil,2007,6.320672988891602,9.511839866638184,0.886402428150177,63.41999816894531,0.7766448259353638,-0.0216701887547969,0.728038489818573,0.7748561501502991,0.2992227673530578,0.7766448259353638,Baixa
Brazil,2008,6.69142484664917,9.551653861999512,0.8781075477600098,63.58000183105469,0.7819311022758484,-0.0831135138869285,0.6882727742195129,0.7176560759544373,0.2654855251312256,0.7819311022758484,Baixa
Brazil,2014,6.980998992919922,9.661138534545898,0.8983164429664612,64.54000091552734,0.7138143181800842,-0.1206507831811904,0.7103034257888794,0.7179602384567261,0.2735405266284942,0.7179602384567261,Baixa
Brazil,2010,6.837331295013428,9.604052543640137,0.9055281281471252,63.900001525878906,0.8059492707252502,-0.0594420991837978,0.6560360789299011,0.7259312868118286,0.2498812228441238,0.8059492707252502,Baixa
Brazil,2011,7.037816524505615,9.63374137878418,0.9162529110908508,64.05999755859375,0.8336557745933533,-0.0778109431266784,0.6621667146682739,0.6984069347381592,0.2675242125988006,0.8336557745933533,Baixa
Brazil,2012,6.660003662109375,9.64376735687256,0.8903141021728516,64.22000122070312,0.8486063480377197,,0.6225431561470032,0.6853108406066895,0.3497586846351623,0.8694602251052856,Baixa
Chile,2015,6.532749652862549,10.104988098144531,0.8271418809890747,69.4000015258789,0.7688814401626587,0.032290194183588,0.8115113377571106,0.7521530389785767,0.3327467441558838,0.8115113377571106,Baixa
Chile,2021,6.435630798339844,10.143006324768066,0.8914605379104614,70.30000305175781,0.803415060043335,-0.0516692586243152,0.8585527539253235,0.7350798845291138,0.2208785712718963,0.8585527539253235,Baixa
Chile,2020,6.1506428718566895,10.04196834564209,0.8884122967720032,70.1500015258789,0.7813835740089417,0.0256150756031274,0.8118188381195068,0.7528846263885498,0.3360286056995392,0.8118188381195068,Baixa
Chile,2019,5.9422502517700195,10.118996620178224,0.8691219091415405,70.0,0.659176766872406,-0.1103069111704826,0.8604915738105774,0.7405619621276855,0.3372437953948974,0.8604915738105774,Baixa
Chile,2018,6.436220645904541,10.12950611114502,0.8900849223136902,69.8499984741211,0.7885303497314453,-0.0679220110177993,0.8162974119186401,0.7554681301116943,0.2758202254772186,0.8162974119186401,Baixa
Chile,2017,6.320119380950928,10.108341217041016,0.8798407912254333,69.69999694824219,0.7901164889335632,-0.0284965019673109,0.8359875082969666,0.7648398876190186,0.2910420894622803,0.8359875082969666,Baixa
Chile,2016,6.579056262969971,10.11047649383545,0.8413881659507751,69.55000305175781,0.6522897481918335,0.0940105393528938,0.8581249713897705,0.7917251586914062,0.2830421030521393,0.8413881659507751,Baixa
Chile,2023,6.229820251464844,10.154905319213867,0.8743805289268494,70.5999984741211,0.814988374710083,-0.0268707424402236,0.8359451293945312,0.7785534858703613,0.2630908489227295,0.8359451293945312,Baixa
Chile,2022,6.415198802947998,10.16146183013916,0.8867619633674622,70.44999694824219,0.7934855818748474,-0.0136321317404508,0.7963963747024536,0.7752082347869873,0.2525452077388763,0.7963963747024536,Baixa
Chile,2014,6.84423828125,10.09399127960205,0.8615521788597107,69.22000122070312,0.7333263754844666,0.2089371085166931,0.7584977149963379,0.7999982237815857,0.2761032581329345,0.7999982237815857,Baixa
Chile,2012,6.599128723144531,10.06339168548584,0.8552355766296387,68.86000061035156,0.7336109280586243,0.186461716890335,0.7821174263954163,0.7361389994621277,0.2875921130180359,0.7821174263954163,Baixa
Chile,2011,6.526334762573242,10.013404846191406,0.8190788626670837,68.68000030517578,0.7007341384887695,0.1035002842545509,0.7527555227279663,0.7576007843017578,0.3168761730194092,0.7576007843017578,Baixa
Chile,2010,6.635655879974365,9.962940216064451,0.8569552302360535,68.5,0.7863674759864807,0.099770650267601,0.7018247246742249,0.7595384120941162,0.3001166880130768,0.7863674759864807,Baixa
Chile,2009,6.493686199188232,9.91616153717041,0.8315818309783936,68.31999969482422,0.7466140389442444,0.1411888599395752,0.7342114448547363,0.7559484839439392,0.2998911738395691,0.7559484839439392,Baixa
Chile,2008,5.789438724517822,9.937674522399902,0.8037585616111755,68.13999938964844,0.6402016878128052,0.0761589780449867,0.7406673431396484,0.7063954472541809,0.3297032117843628,0.7406673431396484,Baixa
Chile,2007,5.697929859161377,9.910489082336426,0.8146209716796875,67.95999908447266,0.6619051098823547,0.2364613860845565,0.7226705551147461,0.7084039449691772,0.3422619104385376,0.7226705551147461,Baixa
Chile,2006,6.062851905822754,9.86990451812744,0.8355436325073242,67.77999877929688,0.7442919015884399,0.1611829400062561,0.6336298584938049,0.7524151802062988,0.3476568758487701,0.7524151802062988,Baixa
Chile,2013,6.740153789520264,10.086292266845703,0.8624047040939331,69.04000091552734,0.7368873357772827,0.0765916109085083,0.7411549091339111,0.7906392812728882,0.2854538857936859,0.7906392812728882,Baixa
Colombia,2016,6.233715057373047,9.572073936462402,0.8819003701210022,68.4749984741211,0.8349661231040955,-0.1061130911111831,0.8975538611412048,0.7704694271087646,0.2942227721214294,0.8819003701210022,Baixa
Colombia,2023,5.904404163360596,9.666558265686035,0.833208441734314,69.69999694824219,0.8234710693359375,-0.142464593052864,0.8702266812324524,0.754103422164917,0.2854169011116028,0.833208441734314,Baixa
Colombia,2022,5.891712188720703,9.658327102661133,0.8769494295120239,69.5250015258789,0.7991837859153748,-0.164073958992958,0.8626412153244019,0.7617444396018982,0.3055039048194885,0.8626412153244019,Baixa
Colombia,2021,5.289958477020264,9.592960357666016,0.7928306460380554,69.3499984741211,0.7746684551239014,-0.0653591006994247,0.8313309550285339,0.7516583800315857,0.3483323156833648,0.7928306460380554,Baixa
Colombia,2020,5.709175109863281,9.499893188476562,0.7970352172851562,69.17500305175781,0.8401861190795898,-0.0906074568629264,0.807964026927948,0.7585428953170776,0.3401585817337036,0.807964026927948,Baixa
Colombia,2018,5.9835124015808105,9.576817512512209,0.8709704279899597,68.82499694824219,0.8507657647132874,-0.1540030092000961,0.8548209071159363,0.7745379209518433,0.3006241023540497,0.8548209071159363,Baixa
Colombia,2017,6.157341957092285,9.570453643798828,0.9092499613761902,68.6500015258789,0.8375546336174011,-0.1629018485546112,0.8750181198120117,0.7902570962905884,0.2993089556694031,0.8750181198120117,Baixa
Colombia,2015,6.387571811676025,9.562101364135742,0.8899000287055969,68.30000305175781,0.7908979654312134,-0.1056863963603973,0.8428993225097656,0.8033921122550964,0.2917693853378296,0.8428993225097656,Baixa
Colombia,2019,6.350297927856445,9.58988094329834,0.8725789189338684,69.0,0.8215007185935974,-0.1772514730691909,0.8536461591720581,0.7905794978141785,0.3218062818050384,0.8536461591720581,Baixa
Colombia,2013,6.606550693511963,9.507854461669922,0.9007778763771056,67.86000061035156,0.8411731719970703,-0.0761980712413787,0.898202121257782,0.8148239850997925,0.2781139314174652,0.898202121257782,Baixa
Colombia,2007,6.138411521911621,9.33012866973877,0.8937067985534668,66.54000091552734,0.7858659625053406,-0.0459718406200408,0.8597608804702759,0.7744238972663879,0.2870900332927704,0.8597608804702759,Baixa
Colombia,2008,6.168395042419434,9.350756645202637,0.8800668120384216,66.76000213623047,0.7950838208198547,-0.0474036671221256,0.7632239460945129,0.7677623629570007,0.307162195444107,0.7950838208198547,Baixa
Colombia,2009,6.271604537963867,9.350772857666016,0.8859266042709351,66.9800033569336,0.7571007013320923,-0.0603516735136508,0.8371434807777405,0.7863786220550537,0.2731314897537231,0.8371434807777405,Baixa
Colombia,2006,6.024942874908447,9.277318954467772,0.9102931022644044,66.31999969482422,0.8046618103981018,-0.0205594096332788,0.8078300356864929,0.7756954431533813,0.3255882561206817,0.8078300356864929,Baixa
Colombia,2010,6.408113479614258,9.38347053527832,0.8929926753044128,67.19999694824219,0.8161211013793945,-0.0550767965614795,0.8145244717597961,0.7915807962417603,0.2646591663360595,0.8161211013793945,Baixa
Colombia,2011,6.463952541351318,9.439705848693848,0.9041473269462584,67.41999816894531,0.8109074234962463,-0.0789596661925315,0.8472685217857361,0.7847921848297119,0.285958856344223,0.8472685217857361,Baixa
Colombia,2012,6.374879837036133,9.467689514160156,0.9143726229667664,67.63999938964844,0.8278681039810181,-0.0148060014471411,0.8683715462684631,0.8285505771636963,0.2937023937702179,0.8683715462684631,Baixa
Colombia,2014,6.448789119720459,9.542390823364258,0.9074026346206664,68.08000183105469,0.8011914491653442,-0.0957154780626297,0.8866457343101501,0.8247725367546082,0.2780564427375793,0.8866457343101501,Baixa
Costa Rica,2016,7.135617733001709,9.880914688110352,0.9007012844085693,70.0,0.8729719519615173,-0.0418100655078887,0.7805620431900024,0.83001309633255,0.2814222872257232,0.8729719519615173,Baixa
Costa Rica,2023,7.384068965911865,10.020896911621094,0.8745720386505127,70.0,0.9333814978599548,-0.0666854977607727,0.7669379115104675,0.8063220977783203,0.2817946076393127,0.8745720386505127,Baixa
Costa Rica,2022,7.076658248901367,9.99821949005127,0.901608407497406,70.0,0.9100263118743896,-0.049201563000679,0.750560998916626,0.7930323481559753,0.2719056010246277,0.901608407497406,Baixa
Costa Rica,2021,6.408448219299316,9.961270332336426,0.8760523200035095,70.0,0.8866522312164307,-0.028736475855112,0.781826913356781,0.774057924747467,0.3178403377532959,0.8760523200035095,Baixa
Costa Rica,2020,6.338472366333008,9.892345428466797,0.8341995477676392,70.0,0.8893997669219971,-0.1385057121515274,0.7721642851829529,0.7589249014854431,0.3495484590530395,0.8341995477676392,Baixa
Costa Rica,2019,6.997618675231934,9.943575859069824,0.9060774445533752,70.0,0.9268301129341124,-0.1559308171272277,0.83562833070755,0.7912708520889282,0.3033272325992584,0.9060774445533752,Baixa
Costa Rica,2018,7.1410746574401855,9.928339958190918,0.8758724331855774,70.0,0.9418883323669434,-0.1166064590215683,0.7813017964363098,0.8015931844711304,0.3258666396141052,0.8758724331855774,Baixa
Costa Rica,2017,7.225181579589844,9.911863327026367,0.9216971397399902,70.0,0.9356184601783752,-0.0858396813273429,0.7423507571220398,0.7906283140182495,0.2754400670528412,0.9216971397399902,Baixa
Costa Rica,2015,6.854004383087158,9.849885940551758,0.8782729506492615,70.0,0.9069256782531738,-0.0684276148676872,0.761419415473938,0.810668408870697,0.2864403128623962,0.8782729506492615,Baixa
Costa Rica,2014,7.247086048126221,9.824480056762695,0.9142112135887146,69.83999633789062,0.92670738697052,0.0003204775857739,0.7880374789237976,0.7970132827758789,0.2895289063453674,0.9142112135887146,Baixa
Costa Rica,2013,7.158000469207764,9.800621032714844,0.9020692706108092,69.68000030517578,0.8978793025016785,0.008821009658277,0.8128631114959717,0.8089151978492737,0.278147429227829,0.8978793025016785,Baixa
Costa Rica,2012,7.272250175476074,9.787511825561523,0.9022068977355956,69.5199966430664,0.9289140701293944,0.0367355234920978,0.7943013906478882,0.8367536067962646,0.2630271315574646,0.9022068977355956,Baixa
Costa Rica,2011,7.228888511657715,9.751876831054688,0.892048180103302,69.36000061035156,0.926105797290802,-0.0420610271394252,0.8365832567214966,0.7935234308242798,0.2692252099514007,0.892048180103302,Baixa
Costa Rica,2010,7.271053791046143,9.721186637878418,0.9151412844657898,69.19999694824219,0.8810296058654785,0.0384529903531074,0.7625872492790222,0.8265313506126404,0.2212412506341934,0.8810296058654785,Baixa
Costa Rica,2009,7.614928722381592,9.681844711303713,0.8997816443443298,69.04000091552734,0.8860610723495483,0.0565485581755638,0.7865591049194336,0.8399894833564758,0.2170242220163345,0.8860610723495483,Baixa
Costa Rica,2008,6.850679874420166,9.704121589660645,0.915759027004242,68.87999725341797,0.9120059609413148,0.0869758352637291,0.8157126307487488,0.8383569717407227,0.2329472303390503,0.9120059609413148,Baixa
Costa Rica,2007,7.432132244110107,9.671673774719238,0.9176782369613647,68.72000122070312,0.9227356910705566,0.0891565158963203,0.8196550011634827,0.8258724212646484,0.2400801479816436,0.9176782369613647,Baixa
Costa Rica,2006,7.082465171813965,9.60675048828125,0.9369380474090576,68.55999755859375,0.8824198842048645,0.0516439639031887,0.7975221872329712,0.8152731657028198,0.2355492115020752,0.8824198842048645,Baixa
Cuba,2006,5.417868614196777,,0.9695951342582704,68.0,0.2814579308032989,,,0.596187174320221,0.2766015231609344,0.7828911542892456,Baixa
Dominican Republic,2023,5.921262264251709,9.90037727355957,0.8602536916732788,64.80000305175781,0.8667314052581787,-0.1067438572645187,0.6674948334693909,0.7302570343017578,0.2555694282054901,0.8602536916732788,Baixa
Dominican Republic,2021,6.030537128448486,9.832318305969238,0.8571069836616516,64.4000015258789,0.8593583106994629,-0.0884153395891189,0.6774082183837891,0.7336589097976685,0.275468111038208,0.8571069836616516,Baixa
Dominican Republic,2020,5.168409824371338,9.727252960205078,0.8061176538467407,64.19999694824219,0.8346429467201233,-0.1281881928443908,0.6361165642738342,0.7236680388450623,0.3139283061027527,0.8061176538467407,Baixa
Dominican Republic,2019,6.004237174987793,9.80758571624756,0.8840898871421814,64.0,0.8774062395095825,-0.127474308013916,0.7456153631210327,0.7470079064369202,0.2640541195869446,0.8774062395095825,Baixa
Dominican Republic,2018,5.433215618133545,9.769048690795898,0.8619863390922546,63.79999923706055,0.8666415810585022,-0.1551028043031692,0.7622735500335693,0.7193699479103088,0.2914030253887176,0.8619863390922546,Baixa
Dominican Republic,2017,5.605202674865723,9.712601661682127,0.8943681120872498,63.599998474121094,0.8553590178489685,-0.1262716203927993,0.7604896426200867,0.7100050449371338,0.2747455239295959,0.8553590178489685,Baixa
Dominican Republic,2016,5.238698482513428,9.678292274475098,0.8947534561157227,63.400001525878906,0.8727124333381653,-0.0849553421139717,0.7371829748153687,0.7252313494682312,0.2780951261520386,0.8727124333381653,Baixa
Dominican Republic,2015,5.061862468719482,9.62545680999756,0.893197774887085,63.20000076293945,0.8560253381729126,-0.0702197030186653,0.7552881836891174,0.6953850984573364,0.2952530980110168,0.8560253381729126,Baixa
Dominican Republic,2022,5.518415927886963,9.869828224182127,0.8204224705696106,64.5999984741211,0.8533018827438354,-0.0857802182435989,0.6559762358665466,0.7232317924499512,0.3058151602745056,0.8204224705696106,Baixa
Dominican Republic,2013,5.015515327453613,9.514548301696776,0.8784491419792175,63.68000030517578,0.8885660767555237,0.0157702770084142,0.7517508268356323,0.7663236856460571,0.2951314449310303,0.8784491419792175,Baixa
Dominican Republic,2006,5.087967872619629,9.306493759155272,0.91889888048172,65.36000061035156,0.8582414388656616,0.0326064974069595,0.7547293305397034,0.7325193285942078,0.2743384540081024,0.8582414388656616,Baixa
Dominican Republic,2007,5.081305980682373,9.365398406982422,0.8475448489189148,65.12000274658203,0.8862466812133789,-0.0127864172682166,0.7715742588043213,0.7225597500801086,0.2600989639759063,0.8475448489189148,Baixa
Dominican Republic,2008,4.842305660247803,9.384228706359863,0.85013747215271,64.87999725341797,0.8481166362762451,-0.0502265766263008,0.7275983095169067,0.6538903117179871,0.3294163942337036,0.8481166362762451,Baixa
Dominican Republic,2014,5.387331962585449,9.570441246032717,0.8905880451202393,63.439998626708984,0.9045743942260742,-0.0252765975892543,0.7600234746932983,0.7724763751029968,0.3000991940498352,0.8905880451202393,Baixa
Dominican Republic,2010,4.735021114349365,9.447546005249023,0.8599693179130554,64.4000015258789,0.8239028453826904,-0.079893060028553,0.7797421216964722,0.7066255211830139,0.2816948592662811,0.8239028453826904,Baixa
Dominican Republic,2011,5.396535396575928,9.465392112731934,0.872086226940155,64.16000366210938,0.8479753136634827,0.0089678112417459,0.7882547378540039,0.7380866408348083,0.2998392879962921,0.8479753136634827,Baixa
Dominican Republic,2012,4.7533111572265625,9.479447364807127,0.8791581988334656,63.91999816894531,0.8401293754577637,-0.0666650459170341,0.7273002862930298,0.7247923016548157,0.2970431447029114,0.8401293754577637,Baixa
Dominican Republic,2009,5.431613922119141,9.380593299865724,0.8781614899635315,64.63999938964844,0.8629794716835022,-0.0579254254698753,0.8059104084968567,0.7086459994316101,0.279788464307785,0.8629794716835022,Baixa
Ecuador,2016,6.1154375076293945,9.357709884643556,0.8423520922660828,67.75,0.846336305141449,-0.0210621729493141,0.7740841507911682,0.8068519234657288,0.3652465939521789,0.8423520922660828,Baixa
Ecuador,2022,5.887132167816162,9.292769432067873,0.8251397013664246,69.25,0.7585872411727905,-0.0827344730496406,0.8657894730567932,0.7768358588218689,0.3559397161006927,0.8251397013664246,Baixa
Ecuador,2021,5.434872150421143,9.27507495880127,0.7855318784713745,69.0,0.8210253715515137,-0.0855634808540344,0.7745082974433899,0.741730272769928,0.4031713902950287,0.7855318784713745,Baixa
Ecuador,2020,5.354461669921875,9.245415687561035,0.8040085434913635,68.75,0.8285115361213684,-0.1627734750509262,0.8547804951667786,0.7549710273742676,0.4160279631614685,0.8285115361213684,Baixa
Ecuador,2019,5.809131145477295,9.340510368347168,0.8084858059883118,68.5,0.8295736908912659,-0.1205283552408218,0.8394950032234192,0.7500731945037842,0.3735581934452057,0.8295736908912659,Baixa
Ecuador,2018,6.128010272979736,9.359485626220703,0.8513450026512146,68.25,0.8693637251853943,-0.1050659343600273,0.8307431936264038,0.8174198865890503,0.328171044588089,0.8513450026512146,Baixa
Ecuador,2017,5.8395185470581055,9.36558437347412,0.8489417433738708,68.0,0.8791281580924988,-0.1730222404003143,0.7335887551307678,0.793201208114624,0.3143434822559356,0.8489417433738708,Baixa
Ecuador,2015,5.964075088500977,9.384984016418455,0.8558892011642456,67.5,0.8008704781532288,-0.1196067482233047,0.6658275127410889,0.8164869546890259,0.3229461014270782,0.8164869546890259,Baixa
Ecuador,2023,5.8517537117004395,9.307243347167969,0.7823009490966797,69.5,0.7307334542274475,-0.106206864118576,0.839505136013031,0.7630280256271362,0.3589973449707031,0.7823009490966797,Baixa
Ecuador,2013,6.0192060470581055,9.37644100189209,0.8012509346008301,66.81999969482422,0.7867981195449829,-0.1960926055908203,0.6458486318588257,0.823896586894989,0.2665040493011474,0.8012509346008301,Baixa
Ecuador,2006,5.024191379547119,9.189364433288574,0.9101884365081788,64.44000244140625,0.6710749864578247,-0.0966057702898979,0.9006866216659546,0.7854770421981812,0.3568474650382995,0.9006866216659546,Baixa
Ecuador,2007,4.995875358581543,9.193846702575684,0.838859498500824,64.77999877929688,0.6698433756828308,-0.0688650608062744,0.8296514749526978,0.8032249212265015,0.2861441969871521,0.8296514749526978,Baixa
Ecuador,2008,5.296513080596924,9.23843765258789,0.8293946385383606,65.12000274658203,0.6403172612190247,-0.100098542869091,0.8012566566467285,0.811301052570343,0.2831641435623169,0.811301052570343,Baixa
Ecuador,2014,5.945851802825928,9.398794174194336,0.8309631943702698,67.16000366210938,0.7191048264503479,-0.1728024184703827,0.6609349250793457,0.8405736684799194,0.3057929575443268,0.8309631943702698,Baixa
Ecuador,2010,5.8380513191223145,9.245304107666016,0.8392797112464905,65.80000305175781,0.7230790853500366,-0.0689037963747978,0.80563884973526,0.7709160447120667,0.2200137078762054,0.80563884973526,Baixa
Ecuador,2011,5.795088291168213,9.304624557495115,0.8180513381958008,66.13999938964844,0.7883056998252869,-0.1606727689504623,0.701595664024353,0.8059061169624329,0.2706876695156097,0.8059061169624329,Baixa
Ecuador,2012,5.960716247558594,9.34348487854004,0.7852010130882263,66.4800033569336,0.8252751231193542,-0.0893261656165123,0.7299788594245911,0.7666010856628418,0.3333090543746948,0.7852010130882263,Baixa
Ecuador,2009,6.021803379058838,9.227261543273926,0.7793979644775391,65.45999908447266,0.7368808388710022,-0.1138024926185607,0.7743045091629028,0.7959920763969421,0.255967915058136,0.7793979644775391,Baixa
El Salvador,2015,6.018496036529541,9.019993782043455,0.7907553911209106,63.5,0.7333559393882751,-0.1627504974603653,0.8045442700386047,0.8161571621894836,0.3326468467712402,0.8045442700386047,Baixa
El Salvador,2022,6.492156028747559,9.148201942443848,0.7723808288574219,65.94999694824219,0.914063274860382,-0.1158192828297615,0.6210974454879761,0.8227249383926392,0.2963068783283233,0.8227249383926392,Baixa
El Salvador,2021,6.4314470291137695,9.126046180725098,0.796106219291687,65.5999984741211,0.9149038791656494,-0.0847649723291397,0.6632885932922363,0.825840413570404,0.2899767160415649,0.825840413570404,Baixa
El Salvador,2020,5.4619269371032715,9.023484230041504,0.6956243515014648,65.25,0.9239448308944702,-0.1323100626468658,0.5830363631248474,0.8105266094207764,0.3294397890567779,0.8105266094207764,Baixa
El Salvador,2019,6.45482063293457,9.107535362243652,0.7643905282020569,64.9000015258789,0.8773906826972961,-0.1163593381643295,0.6815764904022217,0.8264221549034119,0.2714750468730926,0.8264221549034119,Baixa
El Salvador,2018,6.241199493408203,9.083892822265623,0.8202997446060181,64.55000305175781,0.863334596157074,-0.1024052128195762,0.8006995320320129,0.817010223865509,0.2695855796337127,0.8202997446060181,Baixa
El Salvador,2017,6.33931827545166,9.061598777770996,0.8289526104927063,64.19999694824219,0.7578273415565491,-0.1787703037261963,0.7777485847473145,0.8004894256591797,0.2684483528137207,0.8004894256591797,Baixa
El Salvador,2016,6.139824867248535,9.041951179504396,0.7936599850654602,63.849998474121094,0.7998470067977905,-0.1915902495384216,0.7973120212554932,0.7424082159996033,0.3457364737987518,0.7973120212554932,Baixa
El Salvador,2023,6.481846809387207,9.167494773864746,0.743965208530426,66.30000305175781,0.9420214891433716,-0.1037502437829971,0.4955852925777435,0.8119229078292847,0.3180385529994964,0.8119229078292847,Baixa
El Salvador,2014,5.856523513793945,8.999739646911621,0.7976121306419373,63.68000030517578,0.7780146598815918,-0.2005803436040878,0.7814598083496094,0.8010958433151245,0.3298508524894714,0.7976121306419373,Baixa
El Salvador,2012,5.934371471405029,8.968485832214355,0.8060147166252136,64.04000091552734,0.6827448010444641,-0.1612097918987274,0.7862948179244995,0.7836958765983582,0.3652208149433136,0.7862948179244995,Baixa
El Salvador,2011,4.741294860839844,8.944543838500977,0.7312778830528259,64.22000122070312,0.7472463846206665,-0.1326830387115478,0.7065528035163879,0.8300427794456482,0.3363215327262878,0.7472463846206665,Baixa
El Salvador,2010,6.739911079406738,8.910987854003906,0.756653904914856,64.4000015258789,0.6693378686904907,-0.0701554268598556,0.6941800713539124,0.8227529525756836,0.302185982465744,0.756653904914856,Baixa
El Salvador,2009,6.839087009429932,8.893871307373047,0.7341127991676331,64.58000183105469,0.670932412147522,-0.1096925809979438,0.6475276350975037,0.8414315581321716,0.2432309538125991,0.7341127991676331,Baixa
El Salvador,2008,5.191493988037109,8.918750762939453,0.74741131067276,64.76000213623047,0.635648250579834,-0.0842716097831726,0.7347274422645569,0.8273820281028748,0.2321241199970245,0.74741131067276,Baixa
El Salvador,2007,5.295535087585449,8.901626586914062,0.7168270349502563,64.94000244140625,0.6389368176460266,-0.0213029514998197,0.7850987315177917,0.8330234289169312,0.2201989293098449,0.7850987315177917,Baixa
El Salvador,2006,5.700929641723633,8.884818077087402,0.8784091472625732,65.12000274658203,0.6829895377159119,-0.0619472563266754,0.8065956830978394,0.8126136660575867,0.2326913177967071,0.8126136660575867,Baixa
El Salvador,2013,6.325063228607178,8.986650466918945,0.8268588781356812,63.86000061035156,0.7155704498291016,-0.1560393124818802,0.7717508673667908,0.8010079264640808,0.3174763917922973,0.8010079264640808,Baixa
Guatemala,2015,6.464986801147461,9.002781867980957,0.8228374719619751,61.5,0.8686397671699524,0.0457966774702072,0.8216549158096313,0.8261231184005737,0.3105537891387939,0.8261231184005737,Baixa
Guatemala,2023,6.42129373550415,9.14017105102539,0.7961934804916382,63.099998474121094,0.8730798363685608,-0.0490502603352069,0.8120350241661072,0.8431468605995178,0.3026299774646759,0.8431468605995178,Baixa
Guatemala,2022,6.150331497192383,9.122825622558594,0.8060163855552673,62.900001525878906,0.8561434745788574,-0.0604175105690956,0.8353723883628845,0.8348802328109741,0.2631708085536957,0.8353723883628845,Baixa
Guatemala,2019,6.2621750831604,9.067970275878906,0.774074375629425,62.29999923706055,0.9006763100624084,-0.0681134387850761,0.7725779414176941,0.8196608424186707,0.3107892572879791,0.8196608424186707,Baixa
Guatemala,2018,6.626591682434082,9.044180870056152,0.8411072492599487,62.099998474121094,0.9095380306243896,-0.015748880803585,0.7654544115066528,0.8274214267730713,0.2624112665653229,0.8411072492599487,Baixa
Guatemala,2017,6.325118541717529,9.026683807373049,0.8264920711517334,61.900001525878906,0.9145216941833496,-0.0640777572989463,0.799747884273529,0.8188397884368896,0.3080861568450928,0.8264920711517334,Baixa
Guatemala,2016,6.358916282653809,9.01262664794922,0.8112354874610901,61.70000076293945,0.8626757264137268,0.0059591089375317,0.812030017375946,0.8154767155647278,0.3213571906089782,0.8154767155647278,Baixa
Guatemala,2014,6.5360307693481445,8.979589462280273,0.8339746594429016,61.220001220703125,0.843398928642273,0.1020324155688285,0.8044625520706177,0.8155189752578735,0.3051146864891052,0.8339746594429016,Baixa
Guatemala,2008,6.414494514465332,8.904532432556152,0.8656054735183716,59.540000915527344,0.6301517486572266,0.200027510523796,0.7962854504585266,0.8002836108207703,0.233636200428009,0.8002836108207703,Baixa
Guatemala,2012,5.855717182159424,8.934686660766602,0.8021489977836609,60.65999984741211,0.8654720187187195,0.0147933177649974,0.8209239840507507,0.8084442615509033,0.3494049608707428,0.8209239840507507,Baixa
Guatemala,2006,5.901429176330566,8.849712371826172,0.8304415941238403,58.97999954223633,0.6633816957473755,0.166777953505516,0.7060955762863159,0.7893223166465759,0.2870818972587585,0.7893223166465759,Baixa
Guatemala,2007,6.329581260681152,8.891402244567871,0.8663970828056335,59.2599983215332,0.6275869607925415,0.1303284913301468,0.8097426295280457,0.7896069288253784,0.2243797332048416,0.8097426295280457,Baixa
Guatemala,2013,5.9846014976501465,8.953396797180176,0.8296504020690918,60.939998626708984,0.8840050101280212,0.0394461788237094,0.8167698383331299,0.8222169876098633,0.3325242698192596,0.8296504020690918,Baixa
Guatemala,2010,6.289748668670654,8.90054702758789,0.8590524792671204,60.099998474121094,0.6958629488945007,0.160768449306488,0.7948353886604309,0.8047306537628174,0.23561792075634,0.8047306537628174,Baixa
Guatemala,2011,5.743353843688965,8.923148155212402,0.7681124210357666,60.380001068115234,0.7629631161689758,0.0034077519085258,0.8630393743515015,0.7918756008148193,0.2893579006195068,0.7918756008148193,Baixa
Guatemala,2009,6.451916217803955,8.89047908782959,0.8338156342506409,59.81999969482422,0.6434787511825562,0.191092163324356,0.7548893690109253,0.8138521909713745,0.2397415786981582,0.8138521909713745,Baixa
Haiti,2016,3.35230016708374,8.060001373291016,0.5837424397468567,54.900001525878906,0.3035404086112976,0.2444607019424438,0.8385231494903564,0.5322052836418152,0.367341011762619,0.5837424397468567,Baixa
Haiti,2018,3.6149280071258545,8.073848724365234,0.5379759073257446,55.5,0.5914683938026428,0.3737184703350067,0.7204447388648987,0.5806729793548584,0.3587200343608856,0.5914683938026428,Baixa
Haiti,2017,3.8238656520843506,8.070919036865234,0.6469849944114685,55.20000076293945,0.4844291508197784,0.3332625925540924,0.64719158411026,0.570106565952301,0.3216927647590637,0.6469849944114685,Baixa
Haiti,2015,3.5697624683380127,8.056147575378418,0.5643196702003479,54.599998474121094,0.3982954919338226,0.2592841386795044,0.7774039506912231,0.5975968241691589,0.3325396776199341,0.5975968241691589,Baixa
Haiti,2014,3.8887784481048584,8.05664348602295,0.55414879322052,49.279998779296875,0.5088054537773132,0.2382466942071914,0.7075212597846985,0.5733241438865662,0.3272084593772888,0.5733241438865662,Baixa
Haiti,2013,4.621962070465088,8.042824745178223,0.6483508944511414,43.959999084472656,0.6104100346565247,0.2428828030824661,0.6689757108688354,0.5282512903213501,0.3266555368900299,0.6483508944511414,Baixa
Haiti,2012,4.413475036621094,8.01547622680664,0.7486627101898193,38.63999938964844,0.4824858605861664,0.2425664663314819,0.7171663641929626,0.5565828680992126,0.2838064134120941,0.7171663641929626,Baixa
Haiti,2011,4.844573974609375,8.025838851928711,0.5670390129089355,33.31999969482422,0.4125877916812897,0.1943689137697219,0.6819601058959961,0.5502581000328064,0.2448556423187255,0.5670390129089355,Baixa
Haiti,2010,3.7659988403320312,7.987371444702148,0.5540307760238647,28.0,0.3729413151741028,0.1673401147127151,0.8480067849159241,0.4950694143772125,0.2925568222999573,0.5540307760238647,Baixa
Haiti,2008,3.8463292121887207,8.01587963104248,0.6790984272956848,17.360000610351562,0.4649706482887268,0.2130096554756164,0.8116589784622192,0.5725229978561401,0.2557741105556488,0.6790984272956848,Baixa
Haiti,2006,3.7541561126708984,7.9764533042907715,0.6938007473945618,6.71999979019165,0.4494747221469879,0.354995995759964,0.8535064458847046,0.583196222782135,0.3321413993835449,0.6938007473945618,Baixa
Honduras,2017,6.019985675811768,8.602948188781738,0.8433549404144287,62.150001525878906,0.8983774185180664,0.0682433545589447,0.7834294438362122,0.7961581349372864,0.248383343219757,0.8433549404144287,Baixa
Honduras,2018,5.908423900604248,8.623580932617188,0.8270670175552368,62.57500076293945,0.8721616864204407,0.0952391698956489,0.8035647869110107,0.8218622803688049,0.287357896566391,0.8270670175552368,Baixa
Honduras,2019,5.930051326751709,8.63295841217041,0.7971483469009399,63.0,0.8461900353431702,0.0587633922696113,0.8149629235267639,0.7890506982803345,0.278882086277008,0.8149629235267639,Baixa
Honduras,2011,4.961031436920166,8.491849899291992,0.7657018303871155,62.099998474121094,0.7833690643310547,0.0913221016526222,0.8839631676673889,0.7567948698997498,0.3074709773063659,0.7833690643310547,Baixa
Honduras,2022,5.9318037033081055,8.649821281433105,0.7286148071289062,64.2750015258789,0.8511993885040283,0.0780047848820686,0.83424973487854,0.7745558023452759,0.2889293134212494,0.83424973487854,Baixa
Honduras,2023,5.860568046569824,8.669590950012207,0.7312758564949036,64.69999694824219,0.8781616687774658,0.0785972028970718,0.783737063407898,0.7671729922294617,0.2853439450263977,0.783737063407898,Baixa
Honduras,2016,5.6481547355651855,8.573054313659668,0.7739099860191345,61.724998474121094,0.850046694278717,0.0760992690920829,0.7928751707077026,0.7900410890579224,0.2968466877937317,0.7928751707077026,Baixa
Honduras,2021,6.113636016845703,8.625540733337402,0.8059808611869812,63.849998474121094,0.8350457549095154,0.1106116026639938,0.8472254276275635,0.807722806930542,0.269214004278183,0.8350457549095154,Baixa
Honduras,2015,4.8454365730285645,8.552596092224121,0.7723755240440369,61.29999923706055,0.5340576767921448,-0.1007754504680633,0.8480827212333679,0.8293653726577759,0.3107661604881286,0.8293653726577759,Baixa
Honduras,2008,5.420331001281738,8.504487037658691,0.8281759023666382,62.70000076293945,0.686880886554718,0.2188388407230377,0.8632220029830933,0.7189487814903259,0.2058538198471069,0.8281759023666382,Baixa
Honduras,2013,4.713358402252197,8.521371841430664,0.7919602394104004,61.70000076293945,0.6984003782272339,-0.0312630087137222,0.8676997423171997,0.7949846982955933,0.2832813262939453,0.7949846982955933,Baixa
Honduras,2012,4.602218151092529,8.512798309326172,0.7791948914527893,61.900001525878906,0.7004520893096924,-0.0073118535801768,0.871437132358551,0.7963443398475647,0.2935912609100342,0.7963443398475647,Baixa
Honduras,2010,5.86613130569458,8.474308967590332,0.8029389977455139,62.29999923706055,0.6455284953117371,0.1012230888009071,0.8199400901794434,0.745393693447113,0.2599462568759918,0.8029389977455139,Baixa
Honduras,2009,6.033189296722412,8.458436012268066,0.8239660859107971,62.5,0.6612027883529663,0.1143797487020492,0.8567343354225159,0.7446603775024414,0.2613043487071991,0.8239660859107971,Baixa
Honduras,2007,5.097154140472412,8.485170364379883,0.8188685774803162,62.900001525878906,0.6756309866905212,0.2260331809520721,0.825974702835083,0.7119174003601074,0.1987800002098083,0.8188685774803162,Baixa
Honduras,2006,5.396519660949707,8.448007583618164,0.9326767921447754,63.099998474121094,0.6502535939216614,0.0848482623696327,0.8435390591621399,0.8371691107749939,0.1554739773273468,0.8435390591621399,Baixa
Honduras,2014,5.055726051330566,8.533008575439453,0.7902145385742188,61.5,0.6959825754165649,0.0110865533351898,0.8343501091003418,0.7940577864646912,0.2993884980678558,0.7940577864646912,Baixa
Mexico,2019,6.431945323944092,9.906707763671877,0.8516858220100403,65.80000305175781,0.9033844470977784,-0.147811472415924,0.8085376024246216,0.8029211759567261,0.2519830167293548,0.8516858220100403,Baixa
Mexico,2018,6.549578666687012,9.917302131652832,0.8580688834190369,65.80000305175781,0.8162004947662354,-0.185954600572586,0.8086380958557129,0.815285325050354,0.2132543623447418,0.8162004947662354,Baixa
Mexico,2020,5.964221000671387,9.816184997558594,0.7788162231445312,65.80000305175781,0.8733469843864441,-0.1275646239519119,0.778165876865387,0.7446936964988708,0.2915561199188232,0.7788162231445312,Baixa
Mexico,2012,7.32018518447876,9.843672752380373,0.7672794461250305,65.37999725341797,0.7877683043479919,-0.0994745343923568,0.6332811117172241,0.7219755053520203,0.278110533952713,0.7672794461250305,Baixa
Mexico,2022,7.0383687019348145,9.88059425354004,0.8583608865737915,65.80000305175781,0.8608891367912292,-0.1232960894703865,0.780077338218689,0.8178998231887817,0.2050486654043197,0.8583608865737915,Baixa
Mexico,2023,7.005731582641602,9.900242805480955,0.8684161305427551,65.80000305175781,0.8700609803199768,-0.1237586513161659,0.7558702826499939,0.809243381023407,0.2331578880548477,0.8684161305427551,Baixa
Mexico,2017,6.410299301147461,9.905106544494627,0.7998393774032593,65.80000305175781,0.8614051342010498,-0.2082003951072693,0.8008930683135986,0.7752853631973267,0.2309908866882324,0.8008930683135986,Baixa
Mexico,2021,5.990750789642334,9.85671615600586,0.7786051034927368,65.80000305175781,0.8371593356132507,-0.0368574522435665,0.7451868057250977,0.7502478957176208,0.3051096498966217,0.7786051034927368,Baixa
Mexico,2016,6.8241729736328125,9.894999504089355,0.893492579460144,65.80000305175781,0.7516130805015564,-0.1596641540527343,0.8085794448852539,0.8019586801528931,0.2195714861154556,0.8085794448852539,Baixa
Mexico,2010,6.802388668060303,9.800165176391602,0.8763896822929382,65.0999984741211,0.778120756149292,-0.0550102777779102,0.6928918957710266,0.745259702205658,0.2154946774244308,0.778120756149292,Baixa
Mexico,2014,6.679831027984619,9.859636306762695,0.7819649577140808,65.66000366210938,0.7791329026222229,-0.10093654692173,0.6298511624336243,0.7597926259040833,0.2287304103374481,0.7791329026222229,Baixa
Mexico,2005,6.580657958984375,9.791635513305664,0.9028076529502868,64.4000015258789,0.8137454986572266,,0.7642490267753601,0.7632874250411987,0.2189428657293319,0.8582765758037567,Baixa
Mexico,2007,6.525378227233887,9.831493377685549,0.8788056373596191,64.68000030517578,0.6704303622245789,-0.1008512154221534,0.7466810345649719,0.7538139224052429,0.2484977692365646,0.7538139224052429,Baixa
Mexico,2008,6.829036235809326,9.830188751220703,0.8763278126716614,64.81999969482422,0.6774773001670837,-0.1339772194623947,0.7848979234695435,0.7743356823921204,0.2011753022670745,0.7848979234695435,Baixa
Mexico,2015,6.2362871170043945,9.880367279052734,0.760614275932312,65.80000305175781,0.719465970993042,-0.15845787525177,0.7079719305038452,0.7061448693275452,0.2371880412101745,0.719465970993042,Baixa
Mexico,2011,6.909515380859375,9.821863174438477,0.8240640759468079,65.23999786376953,0.831368088722229,-0.1060112342238426,0.6975802183151245,0.7000160217285156,0.2275558859109878,0.8240640759468079,Baixa
Mexico,2013,7.442546367645264,9.843951225280762,0.7591384053230286,65.5199966430664,0.7387166619300842,-0.1713328212499618,0.6147470474243164,0.7495867013931274,0.2229487299919128,0.7495867013931274,Baixa
Mexico,2009,6.9628190994262695,9.763516426086426,0.8682207465171814,64.95999908447266,0.6824634075164795,-0.0824388638138771,0.7642255425453186,0.7631295323371887,0.1960707604885101,0.7642255425453186,Baixa
Nicaragua,2023,6.362124919891357,8.685056686401367,0.8362918496131897,65.80000305175781,0.9064910411834716,-0.0081497048959136,0.5316507816314697,0.7721434235572815,0.3399796485900879,0.8362918496131897,Baixa
Nicaragua,2015,5.924112796783447,8.62389850616455,0.826908528804779,65.19999694824219,0.8092591762542725,0.0726503282785415,0.7279983758926392,0.7710625529289246,0.3455946445465088,0.8092591762542725,Baixa
Nicaragua,2021,6.095348834991455,8.646821022033691,0.8482630252838135,65.6500015258789,0.904980480670929,0.0197515040636062,0.6746687293052673,0.7989287376403809,0.2926434278488159,0.8482630252838135,Baixa
Nicaragua,2020,6.286890029907227,8.562273979187012,0.8557027578353882,65.57499694824219,0.8176252245903015,0.0367212258279323,0.6310034394264221,0.775327205657959,0.3159030675888061,0.8176252245903015,Baixa
Nicaragua,2019,6.112545013427734,8.593801498413086,0.873863935470581,65.5,0.8826784491539001,0.0239940229803323,0.6219817399978638,0.7902554273605347,0.3370129764080047,0.873863935470581,Baixa
Nicaragua,2018,5.818952560424805,8.637048721313477,0.8542765378952026,65.42500305175781,0.7970568537712097,0.004429165739566,0.7128247618675232,0.7428675889968872,0.4083498418331146,0.7970568537712097,Baixa
Nicaragua,2017,6.476356506347656,8.685310363769531,0.8380436897277832,65.3499984741211,0.9221627712249756,0.0058331079781055,0.6729633212089539,0.7933211922645569,0.3084478974342346,0.8380436897277832,Baixa
Nicaragua,2016,6.012739658355713,8.654224395751953,0.8527024388313293,65.2750015258789,0.7165342569351196,0.0349748916923999,0.7314649224281311,0.786971926689148,0.3803472816944122,0.786971926689148,Baixa
Nicaragua,2022,6.3922576904296875,8.669462203979492,0.8440418243408203,65.7249984741211,0.9139936566352844,-0.0044756936840713,0.5701919794082642,0.787344217300415,0.3387439548969269,0.8440418243408203,Baixa
Nicaragua,2014,6.275266647338867,8.591470718383789,0.8385674357414246,65.0999984741211,0.8173206448554993,0.0994236469268798,0.6988080143928528,0.7823294401168823,0.3339357376098633,0.8173206448554993,Baixa
Nicaragua,2012,5.4480061531066895,8.525729179382324,0.8940544128417969,64.9000015258789,0.850304901599884,0.0123862521722912,0.6435787677764893,0.761726438999176,0.2546604871749878,0.850304901599884,Baixa
Nicaragua,2011,5.385705471038818,8.477500915527344,0.8003051280975342,64.80000305175781,0.7785910367965698,-0.0244397707283496,0.7602425217628479,0.7470220923423767,0.3090188205242157,0.7785910367965698,Baixa
Nicaragua,2010,5.686699390411377,8.430959701538086,0.8631515502929688,64.69999694824219,0.7917733192443848,0.0133202634751796,0.8017289042472839,0.7491263151168823,0.2680233716964721,0.8017289042472839,Baixa
Nicaragua,2009,5.352804660797119,8.402438163757324,0.8346880674362183,64.5999984741211,0.7460650205612183,0.0652668848633766,0.7944867610931396,0.7398453950881958,0.2990646660327911,0.7944867610931396,Baixa
Nicaragua,2008,5.103827476501465,8.450397491455078,0.8571862578392029,64.5,0.7908310890197754,0.0704411268234252,0.8189492225646973,0.7703761458396912,0.2893447279930115,0.8189492225646973,Baixa
Nicaragua,2007,4.944090843200684,8.430828094482422,0.8662130236625671,64.4000015258789,0.8355597257614136,0.1352910101413726,0.825798511505127,0.7867374420166016,0.2874821126461029,0.8355597257614136,Baixa
Nicaragua,2006,4.460158348083496,8.39525032043457,0.8771701455116272,64.30000305175781,0.745456337928772,0.0045624454505741,0.8443913459777832,0.7802071571350098,0.2944157719612121,0.8443913459777832,Baixa
Nicaragua,2013,5.772274971008301,8.559209823608398,0.8682160377502441,65.0,0.8591490387916565,0.0344937406480312,0.6362467408180237,0.7998918294906616,0.2706095576286316,0.8591490387916565,Baixa
Panama,2015,6.605550289154053,10.293885231018066,0.8826150298118591,68.30000305175781,0.8466691970825195,-0.0155982561409473,0.809942901134491,0.7773051261901855,0.2638258635997772,0.8466691970825195,Baixa
Panama,2022,5.979382038116455,10.41230583190918,0.8910459280014038,69.0,0.8993285298347473,-0.1283044517040252,0.8868353366851807,0.8206563591957092,0.2592392861843109,0.8910459280014038,Baixa
Panama,2021,6.552778720855713,10.322750091552734,0.8986212611198425,68.9000015258789,0.8106819987297058,-0.1516048610210418,0.8610625863075256,0.8343824744224548,0.2175442278385162,0.8610625863075256,Baixa
Panama,2019,6.0859551429748535,10.397828102111816,0.8857213854789734,68.69999694824219,0.882961094379425,-0.2078669667243957,0.8688275218009949,0.8408361673355103,0.2435666024684906,0.882961094379425,Baixa
Panama,2018,6.281434059143066,10.381559371948242,0.9043897986412048,68.5999984741211,0.8614481091499329,-0.1393614709377288,0.8369309902191162,0.8409968614578247,0.2225987464189529,0.8614481091499329,Baixa
Panama,2017,6.5676589012146,10.3621187210083,0.9119048118591307,68.5,0.8995735049247742,-0.1782035678625106,0.8407770991325378,0.7953681349754333,0.2423193305730819,0.8995735049247742,Baixa
Panama,2016,6.117638111114502,10.324884414672852,0.8824602365493774,68.4000015258789,0.8844797611236572,-0.1110889017581939,0.8369767665863037,0.8127447366714478,0.244131788611412,0.8824602365493774,Baixa
Panama,2023,6.543289661407471,10.4552001953125,0.8872889280319214,69.0999984741211,0.8519265055656433,-0.1468104124069214,0.8705905079841614,0.8285312652587891,0.2571079730987549,0.8705905079841614,Baixa
Panama,2014,6.631171226501465,10.255550384521484,0.8734742403030396,68.13999938964844,0.8939151167869568,-0.0065185837447643,0.8465938568115234,0.7987493872642517,0.2538156509399414,0.8734742403030396,Baixa
Panama,2012,6.859835624694824,10.17441463470459,0.897391140460968,67.81999969482422,0.7831825017929077,-0.0105114262551069,0.7957966327667236,0.8376622200012207,0.2066413462162017,0.8376622200012207,Baixa
Panama,2011,7.248080730438232,10.098904609680176,0.8762841820716858,67.66000366210938,0.8290128707885742,0.0002459078386891,0.8396844863891602,0.8527167439460754,0.1796413213014602,0.8527167439460754,Baixa
Panama,2010,7.321467399597168,10.009517669677734,0.9275330901145936,67.5,0.7545236945152283,-0.0172538831830024,0.8798258304595947,0.8409765362739563,0.1463687568902969,0.8798258304595947,Baixa
Panama,2009,7.033740043640137,9.970768928527832,0.905028522014618,67.33999633789062,0.7213936448097229,0.0056956866756081,0.8894239068031311,0.8394674062728882,0.1442000269889831,0.8894239068031311,Baixa
Panama,2008,6.930903434753418,9.976579666137695,0.9224812984466552,67.18000030517578,0.7073845863342285,0.0509342364966869,0.880650520324707,0.7760629653930664,0.1501431316137313,0.880650520324707,Baixa
Panama,2007,6.894139766693115,9.90096378326416,0.937078058719635,67.0199966430664,0.6402187943458557,0.074337251484394,0.9152873754501344,0.7886776328086853,0.1493414640426635,0.9152873754501344,Baixa
Panama,2006,6.127988338470459,9.806320190429688,0.9509803652763368,66.86000061035156,0.8820472359657288,-0.0558798275887966,0.911755919456482,0.8258112072944641,0.2320626080036163,0.911755919456482,Baixa
Panama,2013,6.866480350494385,10.2235689163208,0.8957198262214661,67.9800033569336,0.811337947845459,0.0096393087878823,0.8144646286964417,0.8597869277000427,0.2257455140352249,0.8597869277000427,Baixa
Paraguay,2023,6.2137885093688965,9.548639297485352,0.8886208534240723,66.0,0.9016361832618712,-0.0039585563354194,0.835490345954895,0.8325867056846619,0.2402810007333755,0.8886208534240723,Baixa
Paraguay,2022,6.1376118659973145,9.512767791748049,0.8994913697242737,65.94999694824219,0.921780526638031,-0.0139146074652671,0.8392720222473145,0.820756733417511,0.2375174164772033,0.8994913697242737,Baixa
Paraguay,2021,5.575535297393799,9.523426055908203,0.9075418710708618,65.9000015258789,0.8879607915878296,0.0145395286381244,0.856721043586731,0.8060783743858337,0.248322531580925,0.8879607915878296,Baixa
Paraguay,2020,5.501248836517334,9.496820449829102,0.9065086245536804,65.8499984741211,0.8652210831642151,0.0537420324981212,0.8286583423614502,0.7667310833930969,0.2692188024520874,0.8652210831642151,Baixa
Paraguay,2019,5.652625560760498,9.518539428710938,0.8924871683120728,65.80000305175781,0.8760526180267334,0.0174316503107547,0.8817861080169678,0.790478527545929,0.2751867175102234,0.8817861080169678,Baixa
Paraguay,2017,5.7132954597473145,9.518132209777832,0.9020425081253052,65.69999694824219,0.8911714553833008,-0.008051348850131,0.8099007606506348,0.8203297257423401,0.2317836731672287,0.8911714553833008,Baixa
Paraguay,2016,5.801380157470703,9.485220909118652,0.9398669600486756,65.6500015258789,0.8535342812538147,-0.082287922501564,0.7561162710189819,0.8332319855690002,0.1971761882305145,0.8535342812538147,Baixa
Paraguay,2015,5.5597243309021,9.457676887512209,0.9141990542411804,65.5999984741211,0.806124746799469,-0.0189794078469276,0.8628882765769958,0.8315196633338928,0.2185084670782089,0.8628882765769958,Baixa
Paraguay,2014,5.1186418533325195,9.442753791809082,0.9592495560646056,65.5199966430664,0.7593964338302612,-0.0131547367200255,0.7623757719993591,0.8760320544242859,0.2157781422138214,0.8760320544242859,Baixa
Paraguay,2013,5.9362406730651855,9.40516471862793,0.938647210597992,65.44000244140625,0.908905863761902,0.0343336090445518,0.902550995349884,0.873760998249054,0.223824456334114,0.908905863761902,Baixa
Paraguay,2012,5.820058345794678,9.3392972946167,0.9310049414634703,65.36000061035156,0.748206615447998,0.1883007436990738,0.7736591100692749,0.8492500185966492,0.2128386348485946,0.8492500185966492,Baixa
Paraguay,2011,5.6770806312561035,9.35989475250244,0.8691496849060059,65.27999877929688,0.6658642888069153,0.1792247742414474,0.7559970021247864,0.8230387568473816,0.1902628242969513,0.8230387568473816,Baixa
Paraguay,2010,5.841174125671387,9.33089828491211,0.8891527652740479,65.19999694824219,0.7262623906135559,0.0649805963039398,0.7799146175384521,0.8260414600372314,0.1758594661951065,0.8260414600372314,Baixa
Paraguay,2009,5.576147079467773,9.237194061279297,0.9003538489341736,65.12000274658203,0.7178701758384705,0.0161506664007902,0.8573402762413025,0.8030056953430176,0.1861264109611511,0.8573402762413025,Baixa
Paraguay,2008,5.570061683654785,9.249930381774902,0.8892814517021179,65.04000091552734,0.6490687727928162,0.0456510372459888,0.891085147857666,0.7977791428565979,0.2590378224849701,0.8892814517021179,Baixa
Paraguay,2007,5.272461414337158,9.196781158447266,0.8626564145088196,64.95999908447266,0.6989878416061401,0.1214032769203186,0.9298906922340392,0.8116564750671387,0.2186989039182663,0.8626564145088196,Baixa
Paraguay,2006,4.730082035064697,9.153956413269045,0.8954277634620667,64.87999725341797,0.6910216808319092,0.0557926408946514,0.8409891724586487,0.751927375793457,0.3027461171150207,0.8409891724586487,Baixa
Peru,2022,5.892068862915039,9.452811241149902,0.8227434754371643,70.0250015258789,0.764267086982727,-0.180319994688034,0.8839914202690125,0.7550639510154724,0.3780502676963806,0.8227434754371643,Baixa
Peru,2021,5.694317817687988,9.436187744140623,0.8185394406318665,69.8499984741211,0.8117775321006775,-0.0898950174450874,0.8799137473106384,0.783769428730011,0.3686502277851105,0.8185394406318665,Baixa
Peru,2023,5.935666084289551,9.459396362304688,0.7865179777145386,70.19999694824219,0.7569955587387085,-0.0606630742549896,0.9194803833961488,0.7648443579673767,0.3703694343566894,0.7865179777145386,Baixa
Peru,2019,5.9993815422058105,9.452122688293455,0.8090759515762329,69.5,0.8148059248924255,-0.1347431987524032,0.8736019134521484,0.7938096523284912,0.3749854862689972,0.8148059248924255,Baixa
Peru,2018,5.679661273956299,9.449060440063477,0.8453013896942139,69.32499694824219,0.8296419978141785,-0.1836391240358352,0.9062446355819702,0.7830176949501038,0.380032867193222,0.8453013896942139,Baixa
Peru,2017,5.710936546325684,9.428893089294434,0.8301233649253845,69.1500015258789,0.826552152633667,-0.1596279442310333,0.8953841328620911,0.7677631974220276,0.3938737213611603,0.8301233649253845,Baixa
Peru,2016,5.700628757476807,9.419086456298828,0.8028564453125,68.9749984741211,0.8298438787460327,-0.1392069458961486,0.8659195899963379,0.7910968065261841,0.338006854057312,0.8298438787460327,Baixa
Peru,2015,5.577263355255127,9.393926620483398,0.7984183430671692,68.80000305175781,0.8022690415382385,-0.0950524508953094,0.883730411529541,0.7437435388565063,0.378304660320282,0.8022690415382385,Baixa
Peru,2020,4.994379043579102,9.322538375854492,0.748887836933136,69.67500305175781,0.8059736490249634,-0.0940834581851959,0.9116014838218688,0.73646479845047,0.4814836084842682,0.8059736490249634,Baixa
Peru,2013,5.782557487487793,9.360538482666016,0.7967684864997864,68.27999877929688,0.7030412554740906,-0.0710880979895591,0.8698992729187012,0.7414683103561401,0.3900382220745086,0.7967684864997864,Baixa
Peru,2012,5.824557304382324,9.313336372375488,0.7640715837478638,68.0199966430664,0.703000545501709,-0.084398403763771,0.8668379187583923,0.7054665684700012,0.3979585170745849,0.7640715837478638,Baixa
Peru,2011,5.892457485198975,9.262930870056152,0.7563045620918274,67.76000213623047,0.7727594971656799,-0.1284000724554062,0.8236649632453918,0.7424664497375488,0.3309212625026703,0.7727594971656799,Baixa
Peru,2010,5.612785339355469,9.210034370422363,0.8119143843650818,67.5,0.7567064166069031,-0.0655049458146095,0.8805941343307495,0.7440285086631775,0.3302434682846069,0.8119143843650818,Baixa
Peru,2009,5.5188469886779785,9.13756275177002,0.7986962795257568,67.23999786376953,0.6383751034736633,-0.0841397643089294,0.8803337216377258,0.7579850554466248,0.3202980756759643,0.7986962795257568,Baixa
Peru,2008,5.129230976104736,9.133691787719728,0.7771068215370178,66.9800033569336,0.6376723647117615,-0.0720033794641494,0.8964398503303528,0.7014458179473877,0.3539498746395111,0.7771068215370178,Baixa
Peru,2007,5.213962078094482,9.053523063659668,0.7563695311546326,66.72000122070312,0.6384965181350708,-0.0824303328990936,0.930640995502472,0.7302085161209106,0.3612952530384063,0.7563695311546326,Baixa
Peru,2006,4.810845375061035,8.979471206665039,0.8746495842933655,66.45999908447266,0.667579174041748,-0.075997456908226,0.8953478336334229,0.6752248406410217,0.4195901155471802,0.8746495842933655,Baixa
Peru,2014,5.86581563949585,9.37364387512207,0.8189869523048401,68.54000091552734,0.7223523855209351,-0.1413382589817047,0.8778221607208252,0.7432118058204651,0.3193379938602447,0.8189869523048401,Baixa
Uruguay,2017,6.336009979248047,10.059839248657228,0.9138016700744628,67.5,0.8978516459465027,-0.1037971079349517,0.6265819668769836,0.7422760725021362,0.2803233563899994,0.8978516459465027,Baixa
Uruguay,2018,6.3717145919799805,10.05998420715332,0.9173156023025512,67.5,0.8762109279632568,-0.108686476945877,0.6829160451889038,0.774895191192627,0.2749455869197845,0.8762109279632568,Baixa
Uruguay,2023,6.661721706390381,10.12226390838623,0.9083744883537292,67.5,0.9041637778282166,-0.0502562001347541,0.6616575717926025,0.7534481287002563,0.2648172080516815,0.9041637778282166,Baixa
Uruguay,2021,6.501700401306152,10.054372787475586,0.9138731360435486,67.5,0.8987239003181458,-0.0541988685727119,0.6056421399116516,0.746208131313324,0.2632098197937011,0.8987239003181458,Baixa
Uruguay,2022,6.6708526611328125,10.10343074798584,0.9048252105712892,67.5,0.8779686093330383,-0.0551780797541141,0.6313366889953613,0.7746942639350891,0.2674849033355713,0.8779686093330383,Baixa
Uruguay,2016,6.171485424041748,10.045052528381348,0.9003809094429016,67.5,0.886371910572052,-0.084854356944561,0.6762127876281738,0.7347327470779419,0.2831802666187286,0.886371910572052,Baixa
Uruguay,2020,6.309681415557861,10.002127647399902,0.9210703372955322,67.5,0.9077619314193726,-0.0944271832704544,0.4910078346729278,0.7205206155776978,0.2646920680999756,0.9077619314193726,Baixa
Uruguay,2015,6.628080368041992,10.03150749206543,0.8914934992790222,67.5,0.916879653930664,-0.0451488755643367,0.6734756827354431,0.8119017481803894,0.299538105726242,0.8914934992790222,Baixa
Uruguay,2019,6.600337028503418,10.067001342773438,0.9334709644317628,67.5,0.9026787877082824,-0.1074350923299789,0.5993996262550354,0.7638344168663025,0.2217301875352859,0.9026787877082824,Baixa
Uruguay,2013,6.444464683532715,10.002311706542969,0.9172796607017516,67.33999633789062,0.8882780075073242,-0.0559814944863319,0.5856322646141052,0.7429158687591553,0.2532285153865814,0.8882780075073242,Baixa
Uruguay,2012,6.449728488922119,9.959955215454102,0.8646937012672424,67.26000213623047,0.8705900311470032,0.0542715191841125,0.6153495907783508,0.6919109225273132,0.2142027467489242,0.8646937012672424,Baixa
Uruguay,2011,6.554047107696533,9.928006172180176,0.8912824392318726,67.18000030517578,0.8514415621757507,-0.0928279459476471,0.5562860369682312,0.7024204730987549,0.2522500455379486,0.8514415621757507,Baixa
Uruguay,2010,6.062010765075684,9.88035011291504,0.8930397629737854,67.0999984741211,0.8322413563728333,-0.1708339303731918,0.4713762402534485,0.7384786009788513,0.2311791777610778,0.8322413563728333,Baixa
Uruguay,2009,6.296222686767578,9.807747840881348,0.9238614439964294,67.0199966430664,0.8250494599342346,-0.1310271769762039,0.5439478754997253,0.7220203876495361,0.2545444369316101,0.8250494599342346,Baixa
Uruguay,2008,5.663869857788086,9.768592834472656,0.8791138529777527,66.94000244140625,0.8079302310943604,-0.1555764973163604,0.5967669486999512,0.6846076846122742,0.2640057802200317,0.8079302310943604,Baixa
Uruguay,2007,5.69394588470459,9.701532363891602,0.8745765089988708,66.86000061035156,0.7862486243247986,-0.1776566952466964,0.6140292286872864,0.7099205851554871,0.2735722661018371,0.7862486243247986,Baixa
Uruguay,2006,5.785868167877197,9.64008331298828,0.9118768572807312,66.77999877929688,0.8065792322158813,-0.125180497765541,0.4766271114349365,0.7011222243309021,0.3061580657958984,0.8065792322158813,Baixa
Uruguay,2014,6.56144380569458,10.03109073638916,0.9018978476524352,67.41999816894531,0.9043328762054444,-0.0856515318155288,0.5334948897361755,0.7881261110305786,0.2514989078044891,0.9018978476524352,Baixa
Venezuela,2016,4.041114807128906,7.602412223815918,0.9019492864608764,64.92500305175781,0.4576015770435333,-0.0595121867954731,0.8901246786117554,0.6756623387336731,0.3917541205883026,0.8901246786117554,Baixa
Venezuela,2017,5.070750713348389,5.943209171295166,0.895879328250885,64.75,0.6355050206184387,0.0500788986682891,0.8439692258834839,0.697486162185669,0.3629848659038543,0.8439692258834839,Baixa
Venezuela,2021,5.107553005218506,,0.8124180436134338,64.05000305175781,0.5956203937530518,,0.823898434638977,0.6975867748260498,0.3893508017063141,0.8124180436134338,Baixa
Venezuela,2019,5.080803394317627,5.526723384857178,0.8876715302467346,64.4000015258789,0.6255261898040771,0.1237920969724655,0.8393403887748718,0.7295529842376709,0.3509504497051239,0.8393403887748718,Baixa
Venezuela,2020,4.573829650878906,,0.8052242398262024,64.2249984741211,0.6118146181106567,,0.81131911277771,0.6893494725227356,0.396250456571579,0.8052242398262024,Baixa
Venezuela,2015,5.568800449371338,8.532186508178711,0.9110868573188782,65.0999984741211,0.5121593475341797,-0.088825948536396,0.813096821308136,0.8370686173439026,0.2226352393627166,0.8370686173439026,Baixa
Venezuela,2018,5.0056633949279785,5.935121536254883,0.8868820667266846,64.57499694824219,0.610855221748352,0.0679524317383766,0.8275600075721741,0.7232599258422852,0.373657613992691,0.8275600075721741,Baixa
Venezuela,2014,6.136096477508545,9.365731239318848,0.9039558172225952,65.13999938964844,0.5699619054794312,-0.1907950490713119,0.8265349864959717,0.796721875667572,0.2436035722494125,0.8265349864959717,Baixa
Venezuela,2010,7.47845458984375,9.747844696044922,0.9315758347511292,65.30000305175781,0.7682569622993469,-0.1628440767526626,0.7542689442634583,0.8473997712135315,0.1296858936548233,0.8473997712135315,Baixa
Venezuela,2012,7.066577434539795,9.8624849319458,0.9316296577453612,65.22000122070312,0.8041085600852966,-0.2010907232761383,0.7433743476867676,0.843570351600647,0.1763078570365905,0.843570351600647,Baixa
Venezuela,2011,6.579789161682129,9.85850715637207,0.9306198954582214,65.26000213623047,0.7663350105285645,-0.2347257882356643,0.7715393304824829,0.8234338760375977,0.1986662596464157,0.8234338760375977,Baixa
Venezuela,2009,7.188803195953369,9.567276000976562,0.9445409774780272,65.33999633789062,0.6768856644630432,-0.1238161399960517,0.8275936841964722,0.7924982905387878,0.1802264153957367,0.8275936841964722,Baixa
Venezuela,2008,6.2577714920043945,9.719097137451172,0.922433853149414,65.37999725341797,0.6784005165100098,-0.2320350259542465,0.776102602481842,0.8180302977561951,0.22419074177742,0.8180302977561951,Baixa
Venezuela,2006,6.525146007537842,9.46717643737793,0.9463098645210266,65.45999908447266,0.7982808351516724,-0.0372443757951259,0.6461709141731262,0.8366719484329224,0.1784829348325729,0.8366719484329224,Baixa
Venezuela,2005,7.169620990753174,9.316228866577148,0.95527845621109,65.5,0.8381980061531067,,0.7198000550270081,0.8029288053512573,0.2330136895179748,0.8967382311820984,Baixa
Venezuela,2022,5.9489922523498535,,0.8993663191795349,63.875,0.7704167366027832,,0.7980164289474487,0.754336953163147,0.2922520041465759,0.7980164289474487,Baixa
Venezuela,2013,6.552796363830566,9.801931381225586,0.8963010907173157,65.18000030517578,0.6419652104377747,-0.229989156126976,0.8372997045516968,0.8121441006660461,0.2376091033220291,0.8372997045516968,Baixa
Venezuela,2023,5.7653632164001465,,0.8846679329872131,63.70000076293945,0.756530225276947,,0.8253929018974304,0.7576852440834045,0.3000379502773285,0.8253929018974304,Baixa
